exposure,outcome,id.exposure,id.outcome,samplesize,SNP,b,se,p
GD_liability_FinnGen_R12_strict,GravesOphthalmopathy_FinnGen_R12,kanrG4,b7HWOj,,rs10199135,1.0628970063521,0.381258900142402,0.00530572228146872
GD_liability_FinnGen_R12_strict,GravesOphthalmopathy_FinnGen_R12,kanrG4,b7HWOj,,rs1023586,0.785313254628388,0.169405352830695,3.55722845203582e-06
GD_liability_FinnGen_R12_strict,GravesOphthalmopathy_FinnGen_R12,kanrG4,b7HWOj,,rs10807943,0.613291954644781,0.355199621328057,0.084237356161053
GD_liability_FinnGen_R12_strict,GravesOphthalmopathy_FinnGen_R12,kanrG4,b7HWOj,,rs11038350,0.505436766934339,0.314441766397404,0.107964508613463
GD_liability_FinnGen_R12_strict,GravesOphthalmopathy_FinnGen_R12,kanrG4,b7HWOj,,rs11571297,0.98580872340737,0.183650931931653,7.96854232452962e-08
GD_liability_FinnGen_R12_strict,GravesOphthalmopathy_FinnGen_R12,kanrG4,b7HWOj,,rs1617322,1.07503042621799,0.086604099488505,2.21729560066883e-35
GD_liability_FinnGen_R12_strict,GravesOphthalmopathy_FinnGen_R12,kanrG4,b7HWOj,,rs17767904,0.622203136119359,0.257759564182474,0.0157832430464958
GD_liability_FinnGen_R12_strict,GravesOphthalmopathy_FinnGen_R12,kanrG4,b7HWOj,,rs181316459,0.879576661017535,0.299124961090167,0.00327684016638269
GD_liability_FinnGen_R12_strict,GravesOphthalmopathy_FinnGen_R12,kanrG4,b7HWOj,,rs2466074,0.667163459431026,0.361352445243209,0.0648492843464303
GD_liability_FinnGen_R12_strict,GravesOphthalmopathy_FinnGen_R12,kanrG4,b7HWOj,,rs3788013,0.841257199275959,0.335908507487247,0.0122651085288768
GD_liability_FinnGen_R12_strict,GravesOphthalmopathy_FinnGen_R12,kanrG4,b7HWOj,,rs3823402,0.427133136711448,0.238607151523022,0.0734361697659603
GD_liability_FinnGen_R12_strict,GravesOphthalmopathy_FinnGen_R12,kanrG4,b7HWOj,,rs4338740,0.44192536142553,0.366592653815981,0.228012529972615
GD_liability_FinnGen_R12_strict,GravesOphthalmopathy_FinnGen_R12,kanrG4,b7HWOj,,rs4446155,1.24538196495888,0.259197640919999,1.54938713650382e-06
GD_liability_FinnGen_R12_strict,GravesOphthalmopathy_FinnGen_R12,kanrG4,b7HWOj,,rs4979772,0.548107563865126,0.370289855072464,0.13881662356182
GD_liability_FinnGen_R12_strict,GravesOphthalmopathy_FinnGen_R12,kanrG4,b7HWOj,,rs6074022,0.968657415575172,0.334892351119682,0.00382257160385023
GD_liability_FinnGen_R12_strict,GravesOphthalmopathy_FinnGen_R12,kanrG4,b7HWOj,,rs6679677,1.21046238449089,0.214684579642553,1.71707780983833e-08
GD_liability_FinnGen_R12_strict,GravesOphthalmopathy_FinnGen_R12,kanrG4,b7HWOj,,rs72891915,1.22771864981776,0.209252813563355,4.43336730221269e-09
GD_liability_FinnGen_R12_strict,GravesOphthalmopathy_FinnGen_R12,kanrG4,b7HWOj,,rs72928038,0.372266775215026,0.398729667006761,0.350493754323058
GD_liability_FinnGen_R12_strict,GravesOphthalmopathy_FinnGen_R12,kanrG4,b7HWOj,,rs9470027,1.28985662960333,0.332168061237058,0.00010311418409949
GD_liability_FinnGen_R12_strict,GravesOphthalmopathy_FinnGen_R12,kanrG4,b7HWOj,,rs9815073,1.3850098495982,0.328348707044808,2.4636234365663e-05
GD_liability_FinnGen_R12_strict,GravesOphthalmopathy_FinnGen_R12,kanrG4,b7HWOj,,All - Inverse variance weighted,0.952294915534657,0.0589244390807039,9.45628202937388e-59
GD_liability_FinnGen_R12_strict,GravesOphthalmopathy_FinnGen_R12,kanrG4,b7HWOj,,All - MR Egger,1.15721010431022,0.109864848460244,3.99282645404811e-09
